{"experiment_id": "randomforest01", "num_sample": 2000, "desire": "Eat", "choice_type": "mode", "best_params": {"max_depth": 10, "min_samples_leaf": 4, "min_samples_split": 10, "n_estimators": 100}, "loss": 1.0029606280379793, "brier_score": 0.20161085266450648, "age_group_error": 0.1259212476324846, "family_structure_error": 0.11023400530693248, "income_group_error": 0.14182158592966043, "household_size_error": 0.1077168877015386, "vehicles_error": 0.13191220884755822, "mean_error": 0.12352118708363487}