{"experiment_id": "randomforest01", "num_sample": 12000, "desire": "Eat", "choice_type": "mode", "best_params": {"max_depth": 10, "min_samples_leaf": 4, "min_samples_split": 10, "n_estimators": 100}, "loss": 0.9926616509940747, "brier_score": 0.19904321427306484, "age_group_error": 0.16157057367639313, "family_structure_error": 0.14160595999265152, "income_group_error": 0.1574633163513743, "household_size_error": 0.13634749766110657, "vehicles_error": 0.17324844981569243, "mean_error": 0.1540471594994436}