{"experiment_id": "randomforest01", "num_sample": 6000, "desire": "Eat", "choice_type": "mode", "best_params": {"max_depth": 10, "min_samples_leaf": 4, "min_samples_split": 10, "n_estimators": 100}, "loss": 1.0010950678486004, "brier_score": 0.2007055230065362, "age_group_error": 0.15524271560077885, "family_structure_error": 0.127981050895282, "income_group_error": 0.1431765214830948, "household_size_error": 0.12782444287911185, "vehicles_error": 0.14836353327032675, "mean_error": 0.14051765282571888}