{"experiment_id": "randomforest01", "num_sample": 18000, "desire": "Eat", "choice_type": "mode", "best_params": {"max_depth": 10, "min_samples_leaf": 4, "min_samples_split": 10, "n_estimators": 100}, "loss": 0.9897916244230417, "brier_score": 0.198419882651819, "age_group_error": 0.1567076326164667, "family_structure_error": 0.1356490883840847, "income_group_error": 0.15122489594773672, "household_size_error": 0.14562710068314208, "vehicles_error": 0.1715602231146013, "mean_error": 0.1521537881492063}