{"experiment_id": "randomforest01", "num_sample": 14000, "desire": "Eat", "choice_type": "mode", "best_params": {"max_depth": 10, "min_samples_leaf": 4, "min_samples_split": 10, "n_estimators": 50}, "loss": 0.9939254571119782, "brier_score": 0.1992704232819189, "age_group_error": 0.17339369160413062, "family_structure_error": 0.14207385643142945, "income_group_error": 0.15244838578368117, "household_size_error": 0.1499330792570038, "vehicles_error": 0.17500035632789596, "mean_error": 0.1585698738808282}