{"experiment_id": "randomforest01", "num_sample": 10000, "desire": "Eat", "choice_type": "mode", "best_params": {"max_depth": 10, "min_samples_leaf": 4, "min_samples_split": 10, "n_estimators": 100}, "loss": 0.9938122315191976, "brier_score": 0.19922901608789054, "age_group_error": 0.1971662919068795, "family_structure_error": 0.17030161946331387, "income_group_error": 0.20390552327685182, "household_size_error": 0.1820680179062531, "vehicles_error": 0.22054797398692158, "mean_error": 0.194797885308044}