{"experiment_id": "randomforest01", "num_sample": 20000, "desire": "Eat", "choice_type": "mode", "best_params": {"max_depth": 10, "min_samples_leaf": 4, "min_samples_split": 10, "n_estimators": 100}, "loss": 0.9886080433490331, "brier_score": 0.1981889394447263, "age_group_error": 0.15410084322646206, "family_structure_error": 0.14162526859647467, "income_group_error": 0.15265674236365828, "household_size_error": 0.1425563272109418, "vehicles_error": 0.17851997756707402, "mean_error": 0.15389183179292218}