{"experiment_id": "randomforest01", "num_sample": 16000, "desire": "Eat", "choice_type": "mode", "best_params": {"max_depth": 10, "min_samples_leaf": 4, "min_samples_split": 10, "n_estimators": 50}, "loss": 0.9926469825922376, "brier_score": 0.19901659957885107, "age_group_error": 0.15012901761860312, "family_structure_error": 0.13450446119234724, "income_group_error": 0.14129106367091085, "household_size_error": 0.1375209315767909, "vehicles_error": 0.16739297111651885, "mean_error": 0.1461676890350342}