{"experiment_id": "randomforest01", "num_sample": 4000, "desire": "Eat", "choice_type": "mode", "best_params": {"max_depth": 10, "min_samples_leaf": 4, "min_samples_split": 10, "n_estimators": 50}, "loss": 1.007091087842227, "brier_score": 0.20147259862207914, "age_group_error": 0.14040239695416076, "family_structure_error": 0.12355608655668329, "income_group_error": 0.14684146277384177, "household_size_error": 0.12054142048876625, "vehicles_error": 0.14702067455895093, "mean_error": 0.1356724082664806}