{"experiment_id": "xgboost01", "num_sample": 24000, "desire": "Eat", "choice_type": "mode", "best_params": {"gamma": 0.2, "learning_rate": 0.001, "max_depth": 20, "n_estimators": 100, "subsample": 0.9}, "loss": 1.0834126922543041, "brier_score": 0.21881788296892574, "age_group_error": 0.14308064873632048, "family_structure_error": 0.11424470492727853, "income_group_error": 0.12742687814983747, "household_size_error": 0.08895157388017706, "vehicles_error": 0.13158568941722276, "mean_error": 0.12105789902216726}