{"experiment_id": "xgboost01", "num_sample": 36000, "desire": "Eat", "choice_type": "mode", "best_params": {"gamma": 0.2, "learning_rate": 0.001, "max_depth": 20, "n_estimators": 100, "subsample": 0.9}, "loss": 1.083437694590867, "brier_score": 0.21882400088886894, "age_group_error": 0.15397419623632638, "family_structure_error": 0.12396383502090491, "income_group_error": 0.1255538629751344, "household_size_error": 0.10195089461791297, "vehicles_error": 0.14934736935948328, "mean_error": 0.13095803164195238}