{"experiment_id": "xgboost01", "num_sample": 10000, "desire": "Eat", "choice_type": "mode", "best_params": {"gamma": 0.2, "learning_rate": 0.001, "max_depth": 20, "n_estimators": 100, "subsample": 0.9}, "loss": 1.0928219800035515, "brier_score": 0.22091609040651972, "age_group_error": 0.18867503782337489, "family_structure_error": 0.18194103567056688, "income_group_error": 0.13961622367392165, "household_size_error": 0.1345128695451227, "vehicles_error": 0.1750217010150767, "mean_error": 0.1639533735456126}