{"experiment_id": "xgboost01", "num_sample": 7000, "desire": "Eat", "choice_type": "mode", "best_params": {"gamma": 0.2, "learning_rate": 0.001, "max_depth": null, "n_estimators": 100, "subsample": 0.9}, "loss": 1.0966416815313202, "brier_score": 0.2217699808174251, "age_group_error": 0.2191234401306333, "family_structure_error": 0.1675391547166501, "income_group_error": 0.13150819687373472, "household_size_error": 0.12509924786148233, "vehicles_error": 0.18827835059161951, "mean_error": 0.16630967803482397}