{"experiment_id": "xgboost01", "num_sample": 16000, "desire": "Eat", "choice_type": "mode", "best_params": {"gamma": 0.2, "learning_rate": 0.001, "max_depth": 10, "n_estimators": 100, "subsample": 0.9}, "loss": 1.083540637516007, "brier_score": 0.21884650234103892, "age_group_error": 0.170046615954902, "family_structure_error": 0.12525065699687776, "income_group_error": 0.12355815179215501, "household_size_error": 0.1086925311241439, "vehicles_error": 0.14740714682536973, "mean_error": 0.13499102053868967}