{"experiment_id": "xgboost01", "num_sample": 9000, "desire": "Eat", "choice_type": "mode", "best_params": {"gamma": 0.2, "learning_rate": 0.001, "max_depth": 20, "n_estimators": 100, "subsample": 0.9}, "loss": 1.0933863849558096, "brier_score": 0.22103986247737684, "age_group_error": 0.23204590806335804, "family_structure_error": 0.1918946399242565, "income_group_error": 0.16916586944593293, "household_size_error": 0.14465245392773404, "vehicles_error": 0.1594898187187257, "mean_error": 0.17944973801600145}