{"experiment_id": "xgboost01", "num_sample": 19000, "desire": "Eat", "choice_type": "mode", "best_params": {"gamma": 0.2, "learning_rate": 0.001, "max_depth": 10, "n_estimators": 100, "subsample": 0.9}, "loss": 1.0837231239062155, "brier_score": 0.21888943412767872, "age_group_error": 0.17003239396496914, "family_structure_error": 0.12960494516735893, "income_group_error": 0.12127579619309932, "household_size_error": 0.10906609695139506, "vehicles_error": 0.15194971503887778, "mean_error": 0.13638578946314003}