{"experiment_id": "xgboost01", "num_sample": 34000, "desire": "Eat", "choice_type": "mode", "best_params": {"gamma": 0.2, "learning_rate": 0.001, "max_depth": 20, "n_estimators": 100, "subsample": 0.9}, "loss": 1.0834654966676682, "brier_score": 0.21883026322784782, "age_group_error": 0.14116927869328888, "family_structure_error": 0.11990067210927483, "income_group_error": 0.12306807604401541, "household_size_error": 0.10010149722973609, "vehicles_error": 0.1442601769879961, "mean_error": 0.12569994021286227}