{"experiment_id": "xgboost01", "num_sample": 3000, "desire": "Eat", "choice_type": "mode", "best_params": {"gamma": 0.2, "learning_rate": 0.001, "max_depth": 20, "n_estimators": 100, "subsample": 0.9}, "loss": 1.0880690832521254, "brier_score": 0.21987807095446615, "age_group_error": 0.09950336612991978, "family_structure_error": 0.07838926957855667, "income_group_error": 0.0961919332385724, "household_size_error": 0.06859783566591568, "vehicles_error": 0.08117455432390276, "mean_error": 0.08477139178737345}