{"experiment_id": "xgboost01", "num_sample": 14000, "desire": "Eat", "choice_type": "mode", "best_params": {"gamma": 0.2, "learning_rate": 0.001, "max_depth": 20, "n_estimators": 100, "subsample": 0.9}, "loss": 1.0832588878216218, "brier_score": 0.21878421589565158, "age_group_error": 0.16455056486449854, "family_structure_error": 0.1380770907067529, "income_group_error": 0.14712145339211324, "household_size_error": 0.10803942784923534, "vehicles_error": 0.1599986068633309, "mean_error": 0.14355742873518618}