{"experiment_id": "xgboost01", "num_sample": 40000, "desire": "Eat", "choice_type": "mode", "best_params": {"gamma": 0.1, "learning_rate": 0.001, "max_depth": 20, "n_estimators": 100, "subsample": 0.9}, "loss": 1.0926764198463066, "brier_score": 0.22088449196308851, "age_group_error": 0.1539525660952227, "family_structure_error": 0.2026516866834442, "income_group_error": 0.14655731635441255, "household_size_error": 0.12186614221120842, "vehicles_error": 0.18074362531118549, "mean_error": 0.16115426733109467}