{"experiment_id": "xgboost01", "num_sample": 13000, "desire": "Eat", "choice_type": "mode", "best_params": {"gamma": 0.2, "learning_rate": 0.001, "max_depth": 20, "n_estimators": 100, "subsample": 0.9}, "loss": 1.0928138662697298, "brier_score": 0.22091415871621986, "age_group_error": 0.18785704427098163, "family_structure_error": 0.1725655437218145, "income_group_error": 0.12217522461082764, "household_size_error": 0.10059128880617929, "vehicles_error": 0.1992874045870095, "mean_error": 0.15649530119936253}