{"experiment_id": "xgboost01", "num_sample": 12000, "desire": "Eat", "choice_type": "mode", "best_params": {"gamma": 0.2, "learning_rate": 0.001, "max_depth": 20, "n_estimators": 100, "subsample": 0.9}, "loss": 1.093078007785091, "brier_score": 0.22097159485519163, "age_group_error": 0.18969316185791088, "family_structure_error": 0.17870503399839718, "income_group_error": 0.1313609260024975, "household_size_error": 0.1263683340927564, "vehicles_error": 0.172073625360295, "mean_error": 0.1596402162623714}