{"experiment_id": "xgboost01", "num_sample": 4000, "desire": "Eat", "choice_type": "mode", "best_params": {"gamma": 0.2, "learning_rate": 0.001, "max_depth": 20, "n_estimators": 100, "subsample": 0.9}, "loss": 1.0979025726941085, "brier_score": 0.22206310737155505, "age_group_error": 0.1974825934871688, "family_structure_error": 0.17629925250530484, "income_group_error": 0.206338757291351, "household_size_error": 0.1708255636964173, "vehicles_error": 0.15259023867211916, "mean_error": 0.18070728113047224}