{"experiment_id": "xgboost01", "num_sample": 22000, "desire": "Eat", "choice_type": "mode", "best_params": {"gamma": 0.2, "learning_rate": 0.001, "max_depth": 10, "n_estimators": 100, "subsample": 0.8}, "loss": 1.0835455265297704, "brier_score": 0.21884819831279864, "age_group_error": 0.17225926712751075, "family_structure_error": 0.12958496725895308, "income_group_error": 0.12091074302466247, "household_size_error": 0.10901293242894074, "vehicles_error": 0.1552402281920067, "mean_error": 0.13740162760641475}