{"experiment_id": "xgboost01", "num_sample": 30000, "desire": "Eat", "choice_type": "mode", "best_params": {"gamma": 0.1, "learning_rate": 0.001, "max_depth": 20, "n_estimators": 100, "subsample": 0.9}, "loss": 1.0833746989364108, "brier_score": 0.2188097230443884, "age_group_error": 0.13625651577878442, "family_structure_error": 0.1226618139295261, "income_group_error": 0.12968277755479132, "household_size_error": 0.09796243667328995, "vehicles_error": 0.1455852335108031, "mean_error": 0.12642975548943897}