{"experiment_id": "xgboost01", "num_sample": 26000, "desire": "Eat", "choice_type": "mode", "best_params": {"gamma": 0.2, "learning_rate": 0.001, "max_depth": 20, "n_estimators": 100, "subsample": 0.9}, "loss": 1.0832552202973904, "brier_score": 0.2187828298898628, "age_group_error": 0.16986179412597413, "family_structure_error": 0.13379398556987454, "income_group_error": 0.14302278334288132, "household_size_error": 0.11253728659739255, "vehicles_error": 0.1496979853043259, "mean_error": 0.1417827669880897}