{"experiment_id": "xgboost01", "num_sample": 2000, "desire": "Eat", "choice_type": "mode", "best_params": {"gamma": 0.1, "learning_rate": 0.001, "max_depth": null, "n_estimators": 100, "subsample": 0.9}, "loss": 1.087765109853704, "brier_score": 0.2198174087035747, "age_group_error": 0.1401781065542443, "family_structure_error": 0.127724802586684, "income_group_error": 0.1565653281150694, "household_size_error": 0.10716289016313832, "vehicles_error": 0.13719858404901678, "mean_error": 0.13376594229363054}