{"experiment_id": "xgboost01", "num_sample": 11000, "desire": "Eat", "choice_type": "mode", "best_params": {"gamma": 0.2, "learning_rate": 0.001, "max_depth": 20, "n_estimators": 100, "subsample": 0.9}, "loss": 1.0928820286884684, "brier_score": 0.2209277236253472, "age_group_error": 0.19146597721139966, "family_structure_error": 0.17239380775475965, "income_group_error": 0.13443181633549137, "household_size_error": 0.11928055664629973, "vehicles_error": 0.18183219017632138, "mean_error": 0.15988086962485437}