{"experiment_id": "xgboost01", "num_sample": 32000, "desire": "Eat", "choice_type": "mode", "best_params": {"gamma": 0.2, "learning_rate": 0.001, "max_depth": 20, "n_estimators": 100, "subsample": 0.9}, "loss": 1.0835168428055735, "brier_score": 0.21884162087663847, "age_group_error": 0.14579607771691874, "family_structure_error": 0.11693199286225842, "income_group_error": 0.11724976406141922, "household_size_error": 0.09798759584946339, "vehicles_error": 0.13773813500744397, "mean_error": 0.12314071309950074}