{"experiment_id": "xgboost01", "num_sample": 28000, "desire": "Eat", "choice_type": "mode", "best_params": {"gamma": 0.2, "learning_rate": 0.001, "max_depth": 20, "n_estimators": 100, "subsample": 0.9}, "loss": 1.083432465877625, "brier_score": 0.21882228464238448, "age_group_error": 0.13832786331262156, "family_structure_error": 0.12449249353114544, "income_group_error": 0.1273194486496425, "household_size_error": 0.10288759943756699, "vehicles_error": 0.14500414389650937, "mean_error": 0.1276063097654972}