{"experiment_id": "xgboost01", "num_sample": 5000, "desire": "Eat", "choice_type": "mode", "best_params": {"gamma": 0.2, "learning_rate": 0.001, "max_depth": 20, "n_estimators": 100, "subsample": 0.9}, "loss": 1.0950801222364632, "brier_score": 0.22142431642195054, "age_group_error": 0.22861447314384273, "family_structure_error": 0.19827529962033238, "income_group_error": 0.20556716453720184, "household_size_error": 0.1640140237979749, "vehicles_error": 0.12473504838228007, "mean_error": 0.1842412018963264}