{"experiment_id": "xgboost01", "num_sample": 18000, "desire": "Eat", "choice_type": "mode", "best_params": {"gamma": 0.2, "learning_rate": 0.001, "max_depth": 20, "n_estimators": 100, "subsample": 0.9}, "loss": 1.083971423314085, "brier_score": 0.21894546364309225, "age_group_error": 0.15923661391427218, "family_structure_error": 0.1154151633595496, "income_group_error": 0.1179327442305304, "household_size_error": 0.09448886637970418, "vehicles_error": 0.12205679766655672, "mean_error": 0.1218260371101226}