{"experiment_id": "xgboost01", "num_sample": 20000, "desire": "Eat", "choice_type": "mode", "best_params": {"gamma": 0.2, "learning_rate": 0.001, "max_depth": 10, "n_estimators": 100, "subsample": 0.9}, "loss": 1.0836569861150895, "brier_score": 0.21887366232380295, "age_group_error": 0.1721093218158495, "family_structure_error": 0.13499586810054232, "income_group_error": 0.1260058203368369, "household_size_error": 0.10068228169777846, "vehicles_error": 0.14295033172523938, "mean_error": 0.13534872473524934}