{"experiment_id": "xgboost01", "num_sample": 6000, "desire": "Eat", "choice_type": "mode", "best_params": {"gamma": 0.2, "learning_rate": 0.001, "max_depth": 20, "n_estimators": 100, "subsample": 0.9}, "loss": 1.0945663964005548, "brier_score": 0.2213088709649491, "age_group_error": 0.19437319154989155, "family_structure_error": 0.20270814214432034, "income_group_error": 0.16293684889932178, "household_size_error": 0.1651729209044641, "vehicles_error": 0.11462801073435105, "mean_error": 0.16796382284646977}