{"experiment_id": "xgboost01", "num_sample": 38000, "desire": "Eat", "choice_type": "mode", "best_params": {"gamma": 0.2, "learning_rate": 0.001, "max_depth": 20, "n_estimators": 100, "subsample": 0.9}, "loss": 1.0927368794913261, "brier_score": 0.22089824260583502, "age_group_error": 0.15933530406281074, "family_structure_error": 0.20312625314666524, "income_group_error": 0.14706572868920192, "household_size_error": 0.12059467329047993, "vehicles_error": 0.17495466285030706, "mean_error": 0.16101532440789296}