{"experiment_id": "xgboost01", "num_sample": 1000, "desire": "Eat", "choice_type": "mode", "best_params": {"gamma": 0.2, "learning_rate": 0.001, "max_depth": null, "n_estimators": 100, "subsample": 0.7}, "loss": 1.0860533413831923, "brier_score": 0.2194184170797576, "age_group_error": 0.1685421146350723, "family_structure_error": 0.14132753997474326, "income_group_error": 0.1869100567303149, "household_size_error": 0.13828423566020157, "vehicles_error": 0.16362142374680372, "mean_error": 0.15973707414942714}