{"experiment_id": "xgboost01", "num_sample": 8000, "desire": "Eat", "choice_type": "mode", "best_params": {"gamma": 0.2, "learning_rate": 0.001, "max_depth": 20, "n_estimators": 100, "subsample": 0.9}, "loss": 1.0934183654118566, "brier_score": 0.22104753745607858, "age_group_error": 0.2094628988593595, "family_structure_error": 0.1754522902714143, "income_group_error": 0.1555454685013489, "household_size_error": 0.12851609637415176, "vehicles_error": 0.12929800262084384, "mean_error": 0.15965495132542365}