{"experiment_id": "xgboost01", "num_sample": 15000, "desire": "Eat", "choice_type": "mode", "best_params": {"gamma": 0.2, "learning_rate": 0.001, "max_depth": 20, "n_estimators": 100, "subsample": 0.9}, "loss": 1.0835097310944712, "brier_score": 0.21884002694642776, "age_group_error": 0.15674380385651163, "family_structure_error": 0.11732493289145514, "income_group_error": 0.11474033432139776, "household_size_error": 0.090650330006723, "vehicles_error": 0.12902816339802578, "mean_error": 0.12169751289482267}