{"experiment_id": "xgboost01", "num_sample": 17000, "desire": "Eat", "choice_type": "mode", "best_params": {"gamma": 0.2, "learning_rate": 0.001, "max_depth": 20, "n_estimators": 100, "subsample": 0.9}, "loss": 1.0838083002920302, "brier_score": 0.21890851317922225, "age_group_error": 0.15744828318875528, "family_structure_error": 0.12008430240865475, "income_group_error": 0.11807741719823694, "household_size_error": 0.09517895915393348, "vehicles_error": 0.13143790028591384, "mean_error": 0.12444537244709886}