{"experiment_id": "mlp01", "num_sample": 22000, "desire": "Eat", "choice_type": "mode", "best_params": {"activation": "relu", "alpha": 0.001, "hidden_layer_sizes": [50, 50], "learning_rate_init": 0.0001, "solver": "adam"}, "loss": 0.9821812455672732, "brier_score": 0.19726495691081533, "age_group_error": 0.19607273088972701, "family_structure_error": 0.19265381919422156, "income_group_error": 0.2080568013295266, "household_size_error": 0.21377788997572952, "vehicles_error": 0.2552137146987096, "mean_error": 0.21315499121758288}