{"experiment_id": "mlp01", "num_sample": 4000, "desire": "Eat", "choice_type": "mode", "best_params": {"activation": "relu", "alpha": 1e-05, "hidden_layer_sizes": [50, 50], "learning_rate_init": 0.0001, "solver": "adam"}, "loss": 0.9869366987902739, "brier_score": 0.1982998093502827, "age_group_error": 0.17772692278905378, "family_structure_error": 0.14598148149189655, "income_group_error": 0.17966468961933846, "household_size_error": 0.14334069325472906, "vehicles_error": 0.18187824093860766, "mean_error": 0.16571840561872508}