{"experiment_id": "mlp01", "num_sample": 2000, "desire": "Eat", "choice_type": "mode", "best_params": {"activation": "relu", "alpha": 1e-05, "hidden_layer_sizes": [50, 50], "learning_rate_init": 0.001, "solver": "sgd"}, "loss": 0.9804415014908013, "brier_score": 0.19745430901236252, "age_group_error": 0.2042053698862155, "family_structure_error": 0.1338693936836915, "income_group_error": 0.15628852138035237, "household_size_error": 0.12055362842425213, "vehicles_error": 0.18869378022726413, "mean_error": 0.16072213872035512}