{"experiment_id": "mlp01", "num_sample": 7000, "desire": "Eat", "choice_type": "mode", "best_params": {"activation": "relu", "alpha": 1e-05, "hidden_layer_sizes": [50, 50], "learning_rate_init": 0.001, "solver": "sgd"}, "loss": 0.9842639091977462, "brier_score": 0.197495919734949, "age_group_error": 0.22398760345996452, "family_structure_error": 0.16917162290522003, "income_group_error": 0.19757286716128, "household_size_error": 0.16987683931278355, "vehicles_error": 0.19930327988909252, "mean_error": 0.19198244254566812}