{"experiment_id": "mlp01", "num_sample": 28000, "desire": "Eat", "choice_type": "mode", "best_params": {"activation": "relu", "alpha": 1e-05, "hidden_layer_sizes": [50, 50], "learning_rate_init": 0.0001, "solver": "adam"}, "loss": 0.9818168097326607, "brier_score": 0.1971506475641321, "age_group_error": 0.19470362802128174, "family_structure_error": 0.17136426318082976, "income_group_error": 0.1948327169085873, "household_size_error": 0.20635022522842572, "vehicles_error": 0.23724657329347348, "mean_error": 0.2008994813265196}