{"experiment_id": "mlp01", "num_sample": 13000, "desire": "Eat", "choice_type": "mode", "best_params": {"activation": "relu", "alpha": 1e-05, "hidden_layer_sizes": [50, 50], "learning_rate_init": 0.0001, "solver": "adam"}, "loss": 0.9839359070006776, "brier_score": 0.1976365283415427, "age_group_error": 0.18578900074028395, "family_structure_error": 0.1795124690614215, "income_group_error": 0.19620301009456162, "household_size_error": 0.19360061035942452, "vehicles_error": 0.238667754799442, "mean_error": 0.19875456901102673}