{"experiment_id": "mlp01", "num_sample": 19000, "desire": "Eat", "choice_type": "mode", "best_params": {"activation": "relu", "alpha": 1e-05, "hidden_layer_sizes": [50, 50], "learning_rate_init": 0.0001, "solver": "adam"}, "loss": 0.983010375124701, "brier_score": 0.1974289022197711, "age_group_error": 0.18135451082625498, "family_structure_error": 0.17954813419216784, "income_group_error": 0.20380126563754475, "household_size_error": 0.1945089862653661, "vehicles_error": 0.23584554530745597, "mean_error": 0.19901168844575792}