{"experiment_id": "mlp01", "num_sample": 30000, "desire": "Eat", "choice_type": "mode", "best_params": {"activation": "relu", "alpha": 0.001, "hidden_layer_sizes": [50, 50], "learning_rate_init": 0.0001, "solver": "adam"}, "loss": 0.9818236682310353, "brier_score": 0.19715151551501128, "age_group_error": 0.18209704227426968, "family_structure_error": 0.16773929923458913, "income_group_error": 0.17746855464893896, "household_size_error": 0.18698881057376354, "vehicles_error": 0.22755777554525491, "mean_error": 0.18837029645536324}