{"experiment_id": "mlp01", "num_sample": 11000, "desire": "Eat", "choice_type": "mode", "best_params": {"activation": "relu", "alpha": 0.0001, "hidden_layer_sizes": [50, 50], "learning_rate_init": 0.0001, "solver": "adam"}, "loss": 0.9838693819655694, "brier_score": 0.19754606608420905, "age_group_error": 0.1869552729054187, "family_structure_error": 0.16330290534945677, "income_group_error": 0.19336257076262534, "household_size_error": 0.17321479385263533, "vehicles_error": 0.21885862746870532, "mean_error": 0.18713883406776827}