{"experiment_id": "mlp01", "num_sample": 5000, "desire": "Eat", "choice_type": "mode", "best_params": {"activation": "relu", "alpha": 0.001, "hidden_layer_sizes": [50, 50], "learning_rate_init": 0.0001, "solver": "adam"}, "loss": 0.9827053672918596, "brier_score": 0.1973597975596592, "age_group_error": 0.20254863468638776, "family_structure_error": 0.1575847519024028, "income_group_error": 0.19547561380544223, "household_size_error": 0.15220348423402927, "vehicles_error": 0.1805556687595246, "mean_error": 0.17767363067755734}