{"experiment_id": "mlp01", "num_sample": 38000, "desire": "Eat", "choice_type": "mode", "best_params": {"activation": "relu", "alpha": 0.001, "hidden_layer_sizes": [100, 100], "learning_rate_init": 0.0001, "solver": "adam"}, "loss": 0.9794009774626484, "brier_score": 0.19659486904586293, "age_group_error": 0.1797481995555599, "family_structure_error": 0.1622563291380668, "income_group_error": 0.17986530709617357, "household_size_error": 0.18169144133123447, "vehicles_error": 0.22063614721094116, "mean_error": 0.18483948486639518}