{"experiment_id": "mlp01", "num_sample": 18000, "desire": "Eat", "choice_type": "mode", "best_params": {"activation": "relu", "alpha": 0.0001, "hidden_layer_sizes": [50, 50], "learning_rate_init": 0.0001, "solver": "adam"}, "loss": 0.9830532324626405, "brier_score": 0.19744373973316598, "age_group_error": 0.17984171317698786, "family_structure_error": 0.17339390120427758, "income_group_error": 0.20305296193175945, "household_size_error": 0.19241664105952402, "vehicles_error": 0.2328775828816086, "mean_error": 0.1963165600508315}