{"experiment_id": "mlp01", "num_sample": 24000, "desire": "Eat", "choice_type": "mode", "best_params": {"activation": "relu", "alpha": 0.001, "hidden_layer_sizes": [50, 50], "learning_rate_init": 0.0001, "solver": "adam"}, "loss": 0.9821110389682832, "brier_score": 0.19723969560678917, "age_group_error": 0.18472875943372, "family_structure_error": 0.1755625879796133, "income_group_error": 0.19902879494998574, "household_size_error": 0.20449893259375526, "vehicles_error": 0.24057342538311405, "mean_error": 0.20087850006803767}