{"experiment_id": "mlp01", "num_sample": 34000, "desire": "Eat", "choice_type": "mode", "best_params": {"activation": "relu", "alpha": 0.001, "hidden_layer_sizes": [100, 100], "learning_rate_init": 0.0001, "solver": "adam"}, "loss": 0.9795021860427621, "brier_score": 0.1966322385270165, "age_group_error": 0.17151980880063786, "family_structure_error": 0.16370084518621825, "income_group_error": 0.18065370322633564, "household_size_error": 0.16971799884511848, "vehicles_error": 0.21189936761768685, "mean_error": 0.17949834473519943}