{"experiment_id": "mlp01", "num_sample": 6000, "desire": "Eat", "choice_type": "mode", "best_params": {"activation": "relu", "alpha": 0.0001, "hidden_layer_sizes": [50, 50], "learning_rate_init": 0.001, "solver": "sgd"}, "loss": 0.9826595063689723, "brier_score": 0.19736971272152473, "age_group_error": 0.22360658833842037, "family_structure_error": 0.17671262445162747, "income_group_error": 0.19852533903771294, "household_size_error": 0.17229278783544383, "vehicles_error": 0.20914619392072328, "mean_error": 0.1960567067167856}