{"experiment_id": "mlp01", "num_sample": 9000, "desire": "Eat", "choice_type": "mode", "best_params": {"activation": "tanh", "alpha": 0.001, "hidden_layer_sizes": [100, 100], "learning_rate_init": 0.0001, "solver": "adam"}, "loss": 0.9844803969346259, "brier_score": 0.19760984993515804, "age_group_error": 0.18339775573000025, "family_structure_error": 0.17287678056144548, "income_group_error": 0.1902400772278651, "household_size_error": 0.17530249993051208, "vehicles_error": 0.21663001825803913, "mean_error": 0.1876894263415724}