{"experiment_id": "mlp01", "num_sample": 17000, "desire": "Eat", "choice_type": "mode", "best_params": {"activation": "relu", "alpha": 1e-05, "hidden_layer_sizes": [50, 50], "learning_rate_init": 0.0001, "solver": "adam"}, "loss": 0.9833548605229296, "brier_score": 0.1975186141813408, "age_group_error": 0.18321877066288836, "family_structure_error": 0.16387113037078047, "income_group_error": 0.19712208176255816, "household_size_error": 0.18142338350026826, "vehicles_error": 0.21393141083458705, "mean_error": 0.18791335542621646}