{"experiment_id": "mlp01", "num_sample": 3000, "desire": "Eat", "choice_type": "mode", "best_params": {"activation": "relu", "alpha": 0.0001, "hidden_layer_sizes": [50, 50], "learning_rate_init": 0.001, "solver": "sgd"}, "loss": 0.9812563202104341, "brier_score": 0.1976090836854904, "age_group_error": 0.21904888190210572, "family_structure_error": 0.15156307687089587, "income_group_error": 0.17018254403927013, "household_size_error": 0.12636898178049796, "vehicles_error": 0.16277217831822743, "mean_error": 0.1659871325821994}