{"experiment_id": "mlp01", "num_sample": 16000, "desire": "Eat", "choice_type": "mode", "best_params": {"activation": "relu", "alpha": 0.0001, "hidden_layer_sizes": [50, 50], "learning_rate_init": 0.0001, "solver": "adam"}, "loss": 0.9832631953356309, "brier_score": 0.19750169307316937, "age_group_error": 0.1888584248702583, "family_structure_error": 0.15843084158511142, "income_group_error": 0.18330283358412616, "household_size_error": 0.1773961978310409, "vehicles_error": 0.20917403641323742, "mean_error": 0.18343246685675482}