{"experiment_id": "mlp01", "num_sample": 10000, "desire": "Eat", "choice_type": "mode", "best_params": {"activation": "relu", "alpha": 1e-05, "hidden_layer_sizes": [50, 50], "learning_rate_init": 0.0001, "solver": "adam"}, "loss": 0.9831417418962201, "brier_score": 0.1973747433151753, "age_group_error": 0.1971662919068795, "family_structure_error": 0.17030161946331387, "income_group_error": 0.20390552327685182, "household_size_error": 0.1820680179062531, "vehicles_error": 0.22054797398692158, "mean_error": 0.194797885308044}