{"experiment_id": "mlp01", "num_sample": 1000, "desire": "Eat", "choice_type": "mode", "best_params": {"activation": "relu", "alpha": 0.001, "hidden_layer_sizes": [50, 50], "learning_rate_init": 0.001, "solver": "sgd"}, "loss": 1.0015851077651585, "brier_score": 0.20160006175601466, "age_group_error": 0.17979418396794974, "family_structure_error": 0.14928161680039947, "income_group_error": 0.14055944502569237, "household_size_error": 0.14606056055007513, "vehicles_error": 0.24328930968313434, "mean_error": 0.1717970232054502}