{"experiment_id": "mlp01", "num_sample": 20000, "desire": "Eat", "choice_type": "mode", "best_params": {"activation": "relu", "alpha": 0.001, "hidden_layer_sizes": [50, 50], "learning_rate_init": 0.0001, "solver": "adam"}, "loss": 0.9826415579691833, "brier_score": 0.19734726388071983, "age_group_error": 0.17857460051562, "family_structure_error": 0.17663920153924623, "income_group_error": 0.1938008393885583, "household_size_error": 0.1941116970223593, "vehicles_error": 0.23789634981894217, "mean_error": 0.19620453765694518}