{"experiment_id": "mlp01", "num_sample": 32000, "desire": "Eat", "choice_type": "mode", "best_params": {"activation": "relu", "alpha": 0.001, "hidden_layer_sizes": [100, 100], "learning_rate_init": 0.0001, "solver": "adam"}, "loss": 0.9800758662748571, "brier_score": 0.1967446621472084, "age_group_error": 0.16910078485073196, "family_structure_error": 0.151348875556941, "income_group_error": 0.16800166346041476, "household_size_error": 0.1687301331945956, "vehicles_error": 0.20534261508889284, "mean_error": 0.17250481443031523}