{"experiment_id": "mlp01", "num_sample": 15000, "desire": "Eat", "choice_type": "mode", "best_params": {"activation": "relu", "alpha": 1e-05, "hidden_layer_sizes": [50, 50], "learning_rate_init": 0.0001, "solver": "adam"}, "loss": 0.9837566536680994, "brier_score": 0.19761326506882743, "age_group_error": 0.19915292043448662, "family_structure_error": 0.17331437144668685, "income_group_error": 0.19471711445005505, "household_size_error": 0.18616949538596247, "vehicles_error": 0.23618094437463996, "mean_error": 0.1979069692183662}