{"experiment_id": "mlp01", "num_sample": 40000, "desire": "Eat", "choice_type": "mode", "best_params": {"activation": "relu", "alpha": 0.001, "hidden_layer_sizes": [100, 100], "learning_rate_init": 0.0001, "solver": "adam"}, "loss": 0.9797261990347694, "brier_score": 0.19661864609854152, "age_group_error": 0.17777437765610785, "family_structure_error": 0.15104895965302484, "income_group_error": 0.16746170823816542, "household_size_error": 0.17693210388537392, "vehicles_error": 0.2101731213238533, "mean_error": 0.17667805415130505}