{"experiment_id": "mlp01", "num_sample": 26000, "desire": "Eat", "choice_type": "mode", "best_params": {"activation": "relu", "alpha": 1e-05, "hidden_layer_sizes": [50, 50], "learning_rate_init": 0.0001, "solver": "adam"}, "loss": 0.9819702091523957, "brier_score": 0.19720610810433553, "age_group_error": 0.20036647948224276, "family_structure_error": 0.1915235506192926, "income_group_error": 0.20252719352884607, "household_size_error": 0.21665620402387797, "vehicles_error": 0.2576225684275189, "mean_error": 0.21373919921635567}