{"experiment_id": "mlp01", "num_sample": 14000, "desire": "Eat", "choice_type": "mode", "best_params": {"activation": "relu", "alpha": 0.001, "hidden_layer_sizes": [50, 50], "learning_rate_init": 0.0001, "solver": "adam"}, "loss": 0.9831630234432451, "brier_score": 0.19746248325403382, "age_group_error": 0.19406219369341135, "family_structure_error": 0.17934941019309136, "income_group_error": 0.19235430506455956, "household_size_error": 0.18876878596407995, "vehicles_error": 0.23398328354398756, "mean_error": 0.19770359569182597}