{"experiment_id": "mlp01", "num_sample": 8000, "desire": "Eat", "choice_type": "mode", "best_params": {"activation": "relu", "alpha": 1e-05, "hidden_layer_sizes": [50, 50], "learning_rate_init": 0.001, "solver": "sgd"}, "loss": 0.9839413663390445, "brier_score": 0.19759160870075893, "age_group_error": 0.2115918754682299, "family_structure_error": 0.16612004889974585, "income_group_error": 0.1858923018889922, "household_size_error": 0.17684368715869062, "vehicles_error": 0.20688458907355967, "mean_error": 0.18946650049784364}