{"experiment_id": "mlp01", "num_sample": 12000, "desire": "Eat", "choice_type": "mode", "best_params": {"activation": "relu", "alpha": 1e-05, "hidden_layer_sizes": [50, 50], "learning_rate_init": 0.001, "solver": "sgd"}, "loss": 0.9842939042509439, "brier_score": 0.19773445085559907, "age_group_error": 0.20041936299492513, "family_structure_error": 0.1672451895937506, "income_group_error": 0.1778344118827665, "household_size_error": 0.1803250005270493, "vehicles_error": 0.20249129402488794, "mean_error": 0.18566305180467588}