{"experiment_id": "mlp01", "num_sample": 36000, "desire": "Eat", "choice_type": "mode", "best_params": {"activation": "relu", "alpha": 0.0001, "hidden_layer_sizes": [100, 100], "learning_rate_init": 0.0001, "solver": "adam"}, "loss": 0.979319402683277, "brier_score": 0.19656806563506915, "age_group_error": 0.16954024518129432, "family_structure_error": 0.14963590929903067, "income_group_error": 0.1667383829452792, "household_size_error": 0.16267446309677866, "vehicles_error": 0.20382908123780635, "mean_error": 0.17048361635203785}